{
  "configuration": {
    "methods": [
      "direct",
      "rag"
    ],
    "timestamp": "19.07_23:00"
  },
  "results": {
    "Music_written_in_all_major_and/or_minor_keys": {
      "direct": {
        "success": true,
        "article_path": "articles/direct_Music_written_in_all_major_and_or_minor_keys.md",
        "evaluation": {
          "rouge_1": 12.9302103250478,
          "rouge_2": 2.629691608893139,
          "rouge_l": 4.923518164435946,
          "heading_soft_recall": 47.400375987802235,
          "heading_entity_recall": 7.142857142857142,
          "article_entity_recall": 12.028301886792454
        }
      },
      "rag": {
        "success": true,
        "article_path": "articles/rag_Music_written_in_all_major_and_or_minor_keys.md",
        "evaluation": {
          "rouge_1": 8.98661567877629,
          "rouge_2": 2.295003585943103,
          "rouge_l": 3.7045889101338427,
          "heading_soft_recall": 47.878352446215494,
          "heading_entity_recall": 9.523809523809524,
          "article_entity_recall": 11.43867924528302
        }
      }
    }
  }
}
