{
  "configuration": {
    "methods": [
      "rag",
      "storm",
      "direct"
    ],
    "timestamp": "20.07_19:31"
  },
  "results": {
    "Music_written_in_all_major_and/or_minor_keys": {
      "rag": {
        "success": true,
        "article_path": "articles/rag_Music_written_in_all_major_and_or_minor_keys.md",
        "evaluation": {
          "rouge_1": 9.153919694072659,
          "rouge_2": 2.247191011235955,
          "rouge_l": 3.895793499043977,
          "heading_soft_recall": 48.0122943009649,
          "heading_entity_recall": 9.523809523809524,
          "article_entity_recall": 11.084905660377359
        }
      },
      "storm": {
        "success": true,
        "article_path": "articles/storm_Music_written_in_all_major_and_or_minor_keys.md",
        "evaluation": {
          "rouge_1": 16.347992351816444,
          "rouge_2": 2.5818790341859907,
          "rouge_l": 5.999043977055449,
          "heading_soft_recall": 31.03221798581736,
          "heading_entity_recall": 0.0,
          "article_entity_recall": 13.679245283018867
        }
      },
      "direct": {
        "success": true,
        "article_path": "articles/direct_Music_written_in_all_major_and_or_minor_keys.md",
        "evaluation": {
          "rouge_1": 10.51625239005736,
          "rouge_2": 2.103753287114511,
          "rouge_l": 4.2065009560229445,
          "heading_soft_recall": 34.04975597347532,
          "heading_entity_recall": 0.0,
          "article_entity_recall": 12.617924528301888
        }
      }
    }
  }
}
